epoch,batch_index,acc,loss,truth_class
1,0,0.0,1.0987928,Two
5,2,0.33333334,1.0535957,Two
10,0,0.0,0.9881048,Two
15,2,0.6666667,0.99979013,Two
17,4,0.8,0.7191979,One
